email,password
bidbench-db-lock-bidder0001@loadtest.local,BypassOnly123!
bidbench-db-lock-bidder0002@loadtest.local,BypassOnly123!
bidbench-db-lock-bidder0003@loadtest.local,BypassOnly123!
bidbench-db-lock-bidder0004@loadtest.local,BypassOnly123!
bidbench-db-lock-bidder0005@loadtest.local,BypassOnly123!
bidbench-db-lock-bidder0006@loadtest.local,BypassOnly123!
bidbench-db-lock-bidder0007@loadtest.local,BypassOnly123!
bidbench-db-lock-bidder0008@loadtest.local,BypassOnly123!
bidbench-db-lock-bidder0009@loadtest.local,BypassOnly123!
bidbench-db-lock-bidder0010@loadtest.local,BypassOnly123!
bidbench-db-lock-bidder0011@loadtest.local,BypassOnly123!
bidbench-db-lock-bidder0012@loadtest.local,BypassOnly123!
bidbench-db-lock-bidder0013@loadtest.local,BypassOnly123!
bidbench-db-lock-bidder0014@loadtest.local,BypassOnly123!
bidbench-db-lock-bidder0015@loadtest.local,BypassOnly123!
bidbench-db-lock-bidder0016@loadtest.local,BypassOnly123!
bidbench-db-lock-bidder0017@loadtest.local,BypassOnly123!
bidbench-db-lock-bidder0018@loadtest.local,BypassOnly123!
bidbench-db-lock-bidder0019@loadtest.local,BypassOnly123!
bidbench-db-lock-bidder0020@loadtest.local,BypassOnly123!
bidbench-db-lock-bidder0021@loadtest.local,BypassOnly123!
bidbench-db-lock-bidder0022@loadtest.local,BypassOnly123!
bidbench-db-lock-bidder0023@loadtest.local,BypassOnly123!
bidbench-db-lock-bidder0024@loadtest.local,BypassOnly123!
bidbench-db-lock-bidder0025@loadtest.local,BypassOnly123!
bidbench-db-lock-bidder0026@loadtest.local,BypassOnly123!
bidbench-db-lock-bidder0027@loadtest.local,BypassOnly123!
bidbench-db-lock-bidder0028@loadtest.local,BypassOnly123!
bidbench-db-lock-bidder0029@loadtest.local,BypassOnly123!
bidbench-db-lock-bidder0030@loadtest.local,BypassOnly123!
bidbench-db-lock-bidder0031@loadtest.local,BypassOnly123!
bidbench-db-lock-bidder0032@loadtest.local,BypassOnly123!
bidbench-db-lock-bidder0033@loadtest.local,BypassOnly123!
bidbench-db-lock-bidder0034@loadtest.local,BypassOnly123!
bidbench-db-lock-bidder0035@loadtest.local,BypassOnly123!
bidbench-db-lock-bidder0036@loadtest.local,BypassOnly123!
bidbench-db-lock-bidder0037@loadtest.local,BypassOnly123!
bidbench-db-lock-bidder0038@loadtest.local,BypassOnly123!
bidbench-db-lock-bidder0039@loadtest.local,BypassOnly123!
bidbench-db-lock-bidder0040@loadtest.local,BypassOnly123!
bidbench-db-lock-bidder0041@loadtest.local,BypassOnly123!
bidbench-db-lock-bidder0042@loadtest.local,BypassOnly123!
bidbench-db-lock-bidder0043@loadtest.local,BypassOnly123!
bidbench-db-lock-bidder0044@loadtest.local,BypassOnly123!
bidbench-db-lock-bidder0045@loadtest.local,BypassOnly123!
bidbench-db-lock-bidder0046@loadtest.local,BypassOnly123!
bidbench-db-lock-bidder0047@loadtest.local,BypassOnly123!
bidbench-db-lock-bidder0048@loadtest.local,BypassOnly123!
bidbench-db-lock-bidder0049@loadtest.local,BypassOnly123!
bidbench-db-lock-bidder0050@loadtest.local,BypassOnly123!
bidbench-db-lock-bidder0051@loadtest.local,BypassOnly123!
bidbench-db-lock-bidder0052@loadtest.local,BypassOnly123!
bidbench-db-lock-bidder0053@loadtest.local,BypassOnly123!
bidbench-db-lock-bidder0054@loadtest.local,BypassOnly123!
bidbench-db-lock-bidder0055@loadtest.local,BypassOnly123!
bidbench-db-lock-bidder0056@loadtest.local,BypassOnly123!
bidbench-db-lock-bidder0057@loadtest.local,BypassOnly123!
bidbench-db-lock-bidder0058@loadtest.local,BypassOnly123!
bidbench-db-lock-bidder0059@loadtest.local,BypassOnly123!
bidbench-db-lock-bidder0060@loadtest.local,BypassOnly123!
bidbench-db-lock-bidder0061@loadtest.local,BypassOnly123!
bidbench-db-lock-bidder0062@loadtest.local,BypassOnly123!
bidbench-db-lock-bidder0063@loadtest.local,BypassOnly123!
bidbench-db-lock-bidder0064@loadtest.local,BypassOnly123!
bidbench-db-lock-bidder0065@loadtest.local,BypassOnly123!
bidbench-db-lock-bidder0066@loadtest.local,BypassOnly123!
bidbench-db-lock-bidder0067@loadtest.local,BypassOnly123!
bidbench-db-lock-bidder0068@loadtest.local,BypassOnly123!
bidbench-db-lock-bidder0069@loadtest.local,BypassOnly123!
bidbench-db-lock-bidder0070@loadtest.local,BypassOnly123!
bidbench-db-lock-bidder0071@loadtest.local,BypassOnly123!
bidbench-db-lock-bidder0072@loadtest.local,BypassOnly123!
bidbench-db-lock-bidder0073@loadtest.local,BypassOnly123!
bidbench-db-lock-bidder0074@loadtest.local,BypassOnly123!
bidbench-db-lock-bidder0075@loadtest.local,BypassOnly123!
bidbench-db-lock-bidder0076@loadtest.local,BypassOnly123!
bidbench-db-lock-bidder0077@loadtest.local,BypassOnly123!
bidbench-db-lock-bidder0078@loadtest.local,BypassOnly123!
bidbench-db-lock-bidder0079@loadtest.local,BypassOnly123!
bidbench-db-lock-bidder0080@loadtest.local,BypassOnly123!
bidbench-db-lock-bidder0081@loadtest.local,BypassOnly123!
bidbench-db-lock-bidder0082@loadtest.local,BypassOnly123!
bidbench-db-lock-bidder0083@loadtest.local,BypassOnly123!
bidbench-db-lock-bidder0084@loadtest.local,BypassOnly123!
bidbench-db-lock-bidder0085@loadtest.local,BypassOnly123!
bidbench-db-lock-bidder0086@loadtest.local,BypassOnly123!
bidbench-db-lock-bidder0087@loadtest.local,BypassOnly123!
bidbench-db-lock-bidder0088@loadtest.local,BypassOnly123!
bidbench-db-lock-bidder0089@loadtest.local,BypassOnly123!
bidbench-db-lock-bidder0090@loadtest.local,BypassOnly123!
bidbench-db-lock-bidder0091@loadtest.local,BypassOnly123!
bidbench-db-lock-bidder0092@loadtest.local,BypassOnly123!
bidbench-db-lock-bidder0093@loadtest.local,BypassOnly123!
bidbench-db-lock-bidder0094@loadtest.local,BypassOnly123!
bidbench-db-lock-bidder0095@loadtest.local,BypassOnly123!
bidbench-db-lock-bidder0096@loadtest.local,BypassOnly123!
bidbench-db-lock-bidder0097@loadtest.local,BypassOnly123!
bidbench-db-lock-bidder0098@loadtest.local,BypassOnly123!
bidbench-db-lock-bidder0099@loadtest.local,BypassOnly123!
bidbench-db-lock-bidder0100@loadtest.local,BypassOnly123!
bidbench-db-lock-bidder0101@loadtest.local,BypassOnly123!
bidbench-db-lock-bidder0102@loadtest.local,BypassOnly123!
bidbench-db-lock-bidder0103@loadtest.local,BypassOnly123!
bidbench-db-lock-bidder0104@loadtest.local,BypassOnly123!
bidbench-db-lock-bidder0105@loadtest.local,BypassOnly123!
bidbench-db-lock-bidder0106@loadtest.local,BypassOnly123!
bidbench-db-lock-bidder0107@loadtest.local,BypassOnly123!
bidbench-db-lock-bidder0108@loadtest.local,BypassOnly123!
bidbench-db-lock-bidder0109@loadtest.local,BypassOnly123!
bidbench-db-lock-bidder0110@loadtest.local,BypassOnly123!
bidbench-db-lock-bidder0111@loadtest.local,BypassOnly123!
bidbench-db-lock-bidder0112@loadtest.local,BypassOnly123!
bidbench-db-lock-bidder0113@loadtest.local,BypassOnly123!
bidbench-db-lock-bidder0114@loadtest.local,BypassOnly123!
bidbench-db-lock-bidder0115@loadtest.local,BypassOnly123!
bidbench-db-lock-bidder0116@loadtest.local,BypassOnly123!
bidbench-db-lock-bidder0117@loadtest.local,BypassOnly123!
bidbench-db-lock-bidder0118@loadtest.local,BypassOnly123!
bidbench-db-lock-bidder0119@loadtest.local,BypassOnly123!
bidbench-db-lock-bidder0120@loadtest.local,BypassOnly123!
bidbench-db-lock-bidder0121@loadtest.local,BypassOnly123!
bidbench-db-lock-bidder0122@loadtest.local,BypassOnly123!
bidbench-db-lock-bidder0123@loadtest.local,BypassOnly123!
bidbench-db-lock-bidder0124@loadtest.local,BypassOnly123!
bidbench-db-lock-bidder0125@loadtest.local,BypassOnly123!
bidbench-db-lock-bidder0126@loadtest.local,BypassOnly123!
bidbench-db-lock-bidder0127@loadtest.local,BypassOnly123!
bidbench-db-lock-bidder0128@loadtest.local,BypassOnly123!
bidbench-db-lock-bidder0129@loadtest.local,BypassOnly123!
bidbench-db-lock-bidder0130@loadtest.local,BypassOnly123!
bidbench-db-lock-bidder0131@loadtest.local,BypassOnly123!
bidbench-db-lock-bidder0132@loadtest.local,BypassOnly123!
bidbench-db-lock-bidder0133@loadtest.local,BypassOnly123!
bidbench-db-lock-bidder0134@loadtest.local,BypassOnly123!
bidbench-db-lock-bidder0135@loadtest.local,BypassOnly123!
bidbench-db-lock-bidder0136@loadtest.local,BypassOnly123!
bidbench-db-lock-bidder0137@loadtest.local,BypassOnly123!
bidbench-db-lock-bidder0138@loadtest.local,BypassOnly123!
bidbench-db-lock-bidder0139@loadtest.local,BypassOnly123!
bidbench-db-lock-bidder0140@loadtest.local,BypassOnly123!
bidbench-db-lock-bidder0141@loadtest.local,BypassOnly123!
bidbench-db-lock-bidder0142@loadtest.local,BypassOnly123!
bidbench-db-lock-bidder0143@loadtest.local,BypassOnly123!
bidbench-db-lock-bidder0144@loadtest.local,BypassOnly123!
bidbench-db-lock-bidder0145@loadtest.local,BypassOnly123!
bidbench-db-lock-bidder0146@loadtest.local,BypassOnly123!
bidbench-db-lock-bidder0147@loadtest.local,BypassOnly123!
bidbench-db-lock-bidder0148@loadtest.local,BypassOnly123!
bidbench-db-lock-bidder0149@loadtest.local,BypassOnly123!
bidbench-db-lock-bidder0150@loadtest.local,BypassOnly123!
bidbench-db-lock-bidder0151@loadtest.local,BypassOnly123!
bidbench-db-lock-bidder0152@loadtest.local,BypassOnly123!
bidbench-db-lock-bidder0153@loadtest.local,BypassOnly123!
bidbench-db-lock-bidder0154@loadtest.local,BypassOnly123!
bidbench-db-lock-bidder0155@loadtest.local,BypassOnly123!
bidbench-db-lock-bidder0156@loadtest.local,BypassOnly123!
bidbench-db-lock-bidder0157@loadtest.local,BypassOnly123!
bidbench-db-lock-bidder0158@loadtest.local,BypassOnly123!
bidbench-db-lock-bidder0159@loadtest.local,BypassOnly123!
bidbench-db-lock-bidder0160@loadtest.local,BypassOnly123!
bidbench-db-lock-bidder0161@loadtest.local,BypassOnly123!
bidbench-db-lock-bidder0162@loadtest.local,BypassOnly123!
bidbench-db-lock-bidder0163@loadtest.local,BypassOnly123!
bidbench-db-lock-bidder0164@loadtest.local,BypassOnly123!
bidbench-db-lock-bidder0165@loadtest.local,BypassOnly123!
bidbench-db-lock-bidder0166@loadtest.local,BypassOnly123!
bidbench-db-lock-bidder0167@loadtest.local,BypassOnly123!
bidbench-db-lock-bidder0168@loadtest.local,BypassOnly123!
bidbench-db-lock-bidder0169@loadtest.local,BypassOnly123!
bidbench-db-lock-bidder0170@loadtest.local,BypassOnly123!
bidbench-db-lock-bidder0171@loadtest.local,BypassOnly123!
bidbench-db-lock-bidder0172@loadtest.local,BypassOnly123!
bidbench-db-lock-bidder0173@loadtest.local,BypassOnly123!
bidbench-db-lock-bidder0174@loadtest.local,BypassOnly123!
bidbench-db-lock-bidder0175@loadtest.local,BypassOnly123!
bidbench-db-lock-bidder0176@loadtest.local,BypassOnly123!
bidbench-db-lock-bidder0177@loadtest.local,BypassOnly123!
bidbench-db-lock-bidder0178@loadtest.local,BypassOnly123!
bidbench-db-lock-bidder0179@loadtest.local,BypassOnly123!
bidbench-db-lock-bidder0180@loadtest.local,BypassOnly123!
bidbench-db-lock-bidder0181@loadtest.local,BypassOnly123!
bidbench-db-lock-bidder0182@loadtest.local,BypassOnly123!
bidbench-db-lock-bidder0183@loadtest.local,BypassOnly123!
bidbench-db-lock-bidder0184@loadtest.local,BypassOnly123!
bidbench-db-lock-bidder0185@loadtest.local,BypassOnly123!
bidbench-db-lock-bidder0186@loadtest.local,BypassOnly123!
bidbench-db-lock-bidder0187@loadtest.local,BypassOnly123!
bidbench-db-lock-bidder0188@loadtest.local,BypassOnly123!
bidbench-db-lock-bidder0189@loadtest.local,BypassOnly123!
bidbench-db-lock-bidder0190@loadtest.local,BypassOnly123!
bidbench-db-lock-bidder0191@loadtest.local,BypassOnly123!
bidbench-db-lock-bidder0192@loadtest.local,BypassOnly123!
bidbench-db-lock-bidder0193@loadtest.local,BypassOnly123!
bidbench-db-lock-bidder0194@loadtest.local,BypassOnly123!
bidbench-db-lock-bidder0195@loadtest.local,BypassOnly123!
bidbench-db-lock-bidder0196@loadtest.local,BypassOnly123!
bidbench-db-lock-bidder0197@loadtest.local,BypassOnly123!
bidbench-db-lock-bidder0198@loadtest.local,BypassOnly123!
bidbench-db-lock-bidder0199@loadtest.local,BypassOnly123!
bidbench-db-lock-bidder0200@loadtest.local,BypassOnly123!
bidbench-db-lock-bidder0201@loadtest.local,BypassOnly123!
bidbench-db-lock-bidder0202@loadtest.local,BypassOnly123!
bidbench-db-lock-bidder0203@loadtest.local,BypassOnly123!
bidbench-db-lock-bidder0204@loadtest.local,BypassOnly123!
bidbench-db-lock-bidder0205@loadtest.local,BypassOnly123!
bidbench-db-lock-bidder0206@loadtest.local,BypassOnly123!
bidbench-db-lock-bidder0207@loadtest.local,BypassOnly123!
bidbench-db-lock-bidder0208@loadtest.local,BypassOnly123!
bidbench-db-lock-bidder0209@loadtest.local,BypassOnly123!
bidbench-db-lock-bidder0210@loadtest.local,BypassOnly123!
bidbench-db-lock-bidder0211@loadtest.local,BypassOnly123!
bidbench-db-lock-bidder0212@loadtest.local,BypassOnly123!
bidbench-db-lock-bidder0213@loadtest.local,BypassOnly123!
bidbench-db-lock-bidder0214@loadtest.local,BypassOnly123!
bidbench-db-lock-bidder0215@loadtest.local,BypassOnly123!
bidbench-db-lock-bidder0216@loadtest.local,BypassOnly123!
bidbench-db-lock-bidder0217@loadtest.local,BypassOnly123!
bidbench-db-lock-bidder0218@loadtest.local,BypassOnly123!
bidbench-db-lock-bidder0219@loadtest.local,BypassOnly123!
bidbench-db-lock-bidder0220@loadtest.local,BypassOnly123!
bidbench-db-lock-bidder0221@loadtest.local,BypassOnly123!
bidbench-db-lock-bidder0222@loadtest.local,BypassOnly123!
bidbench-db-lock-bidder0223@loadtest.local,BypassOnly123!
bidbench-db-lock-bidder0224@loadtest.local,BypassOnly123!
bidbench-db-lock-bidder0225@loadtest.local,BypassOnly123!
bidbench-db-lock-bidder0226@loadtest.local,BypassOnly123!
bidbench-db-lock-bidder0227@loadtest.local,BypassOnly123!
bidbench-db-lock-bidder0228@loadtest.local,BypassOnly123!
bidbench-db-lock-bidder0229@loadtest.local,BypassOnly123!
bidbench-db-lock-bidder0230@loadtest.local,BypassOnly123!
bidbench-db-lock-bidder0231@loadtest.local,BypassOnly123!
bidbench-db-lock-bidder0232@loadtest.local,BypassOnly123!
bidbench-db-lock-bidder0233@loadtest.local,BypassOnly123!
bidbench-db-lock-bidder0234@loadtest.local,BypassOnly123!
bidbench-db-lock-bidder0235@loadtest.local,BypassOnly123!
bidbench-db-lock-bidder0236@loadtest.local,BypassOnly123!
bidbench-db-lock-bidder0237@loadtest.local,BypassOnly123!
bidbench-db-lock-bidder0238@loadtest.local,BypassOnly123!
bidbench-db-lock-bidder0239@loadtest.local,BypassOnly123!
bidbench-db-lock-bidder0240@loadtest.local,BypassOnly123!
bidbench-db-lock-bidder0241@loadtest.local,BypassOnly123!
bidbench-db-lock-bidder0242@loadtest.local,BypassOnly123!
bidbench-db-lock-bidder0243@loadtest.local,BypassOnly123!
bidbench-db-lock-bidder0244@loadtest.local,BypassOnly123!
bidbench-db-lock-bidder0245@loadtest.local,BypassOnly123!
bidbench-db-lock-bidder0246@loadtest.local,BypassOnly123!
bidbench-db-lock-bidder0247@loadtest.local,BypassOnly123!
bidbench-db-lock-bidder0248@loadtest.local,BypassOnly123!
bidbench-db-lock-bidder0249@loadtest.local,BypassOnly123!
bidbench-db-lock-bidder0250@loadtest.local,BypassOnly123!
bidbench-db-lock-bidder0251@loadtest.local,BypassOnly123!
bidbench-db-lock-bidder0252@loadtest.local,BypassOnly123!
bidbench-db-lock-bidder0253@loadtest.local,BypassOnly123!
bidbench-db-lock-bidder0254@loadtest.local,BypassOnly123!
bidbench-db-lock-bidder0255@loadtest.local,BypassOnly123!
bidbench-db-lock-bidder0256@loadtest.local,BypassOnly123!
bidbench-db-lock-bidder0257@loadtest.local,BypassOnly123!
bidbench-db-lock-bidder0258@loadtest.local,BypassOnly123!
bidbench-db-lock-bidder0259@loadtest.local,BypassOnly123!
bidbench-db-lock-bidder0260@loadtest.local,BypassOnly123!
bidbench-db-lock-bidder0261@loadtest.local,BypassOnly123!
bidbench-db-lock-bidder0262@loadtest.local,BypassOnly123!
bidbench-db-lock-bidder0263@loadtest.local,BypassOnly123!
bidbench-db-lock-bidder0264@loadtest.local,BypassOnly123!
bidbench-db-lock-bidder0265@loadtest.local,BypassOnly123!
bidbench-db-lock-bidder0266@loadtest.local,BypassOnly123!
bidbench-db-lock-bidder0267@loadtest.local,BypassOnly123!
bidbench-db-lock-bidder0268@loadtest.local,BypassOnly123!
bidbench-db-lock-bidder0269@loadtest.local,BypassOnly123!
bidbench-db-lock-bidder0270@loadtest.local,BypassOnly123!
bidbench-db-lock-bidder0271@loadtest.local,BypassOnly123!
bidbench-db-lock-bidder0272@loadtest.local,BypassOnly123!
bidbench-db-lock-bidder0273@loadtest.local,BypassOnly123!
bidbench-db-lock-bidder0274@loadtest.local,BypassOnly123!
bidbench-db-lock-bidder0275@loadtest.local,BypassOnly123!
bidbench-db-lock-bidder0276@loadtest.local,BypassOnly123!
bidbench-db-lock-bidder0277@loadtest.local,BypassOnly123!
bidbench-db-lock-bidder0278@loadtest.local,BypassOnly123!
bidbench-db-lock-bidder0279@loadtest.local,BypassOnly123!
bidbench-db-lock-bidder0280@loadtest.local,BypassOnly123!
bidbench-db-lock-bidder0281@loadtest.local,BypassOnly123!
bidbench-db-lock-bidder0282@loadtest.local,BypassOnly123!
bidbench-db-lock-bidder0283@loadtest.local,BypassOnly123!
bidbench-db-lock-bidder0284@loadtest.local,BypassOnly123!
bidbench-db-lock-bidder0285@loadtest.local,BypassOnly123!
bidbench-db-lock-bidder0286@loadtest.local,BypassOnly123!
bidbench-db-lock-bidder0287@loadtest.local,BypassOnly123!
bidbench-db-lock-bidder0288@loadtest.local,BypassOnly123!
bidbench-db-lock-bidder0289@loadtest.local,BypassOnly123!
bidbench-db-lock-bidder0290@loadtest.local,BypassOnly123!
bidbench-db-lock-bidder0291@loadtest.local,BypassOnly123!
bidbench-db-lock-bidder0292@loadtest.local,BypassOnly123!
bidbench-db-lock-bidder0293@loadtest.local,BypassOnly123!
bidbench-db-lock-bidder0294@loadtest.local,BypassOnly123!
bidbench-db-lock-bidder0295@loadtest.local,BypassOnly123!
bidbench-db-lock-bidder0296@loadtest.local,BypassOnly123!
bidbench-db-lock-bidder0297@loadtest.local,BypassOnly123!
bidbench-db-lock-bidder0298@loadtest.local,BypassOnly123!
bidbench-db-lock-bidder0299@loadtest.local,BypassOnly123!
bidbench-db-lock-bidder0300@loadtest.local,BypassOnly123!
bidbench-db-lock-bidder0301@loadtest.local,BypassOnly123!
bidbench-db-lock-bidder0302@loadtest.local,BypassOnly123!
bidbench-db-lock-bidder0303@loadtest.local,BypassOnly123!
bidbench-db-lock-bidder0304@loadtest.local,BypassOnly123!
bidbench-db-lock-bidder0305@loadtest.local,BypassOnly123!
bidbench-db-lock-bidder0306@loadtest.local,BypassOnly123!
bidbench-db-lock-bidder0307@loadtest.local,BypassOnly123!
bidbench-db-lock-bidder0308@loadtest.local,BypassOnly123!
bidbench-db-lock-bidder0309@loadtest.local,BypassOnly123!
bidbench-db-lock-bidder0310@loadtest.local,BypassOnly123!
bidbench-db-lock-bidder0311@loadtest.local,BypassOnly123!
bidbench-db-lock-bidder0312@loadtest.local,BypassOnly123!
bidbench-db-lock-bidder0313@loadtest.local,BypassOnly123!
bidbench-db-lock-bidder0314@loadtest.local,BypassOnly123!
bidbench-db-lock-bidder0315@loadtest.local,BypassOnly123!
bidbench-db-lock-bidder0316@loadtest.local,BypassOnly123!
bidbench-db-lock-bidder0317@loadtest.local,BypassOnly123!
bidbench-db-lock-bidder0318@loadtest.local,BypassOnly123!
bidbench-db-lock-bidder0319@loadtest.local,BypassOnly123!
bidbench-db-lock-bidder0320@loadtest.local,BypassOnly123!
bidbench-db-lock-bidder0321@loadtest.local,BypassOnly123!
bidbench-db-lock-bidder0322@loadtest.local,BypassOnly123!
bidbench-db-lock-bidder0323@loadtest.local,BypassOnly123!
bidbench-db-lock-bidder0324@loadtest.local,BypassOnly123!
bidbench-db-lock-bidder0325@loadtest.local,BypassOnly123!
bidbench-db-lock-bidder0326@loadtest.local,BypassOnly123!
bidbench-db-lock-bidder0327@loadtest.local,BypassOnly123!
bidbench-db-lock-bidder0328@loadtest.local,BypassOnly123!
bidbench-db-lock-bidder0329@loadtest.local,BypassOnly123!
bidbench-db-lock-bidder0330@loadtest.local,BypassOnly123!
bidbench-db-lock-bidder0331@loadtest.local,BypassOnly123!
bidbench-db-lock-bidder0332@loadtest.local,BypassOnly123!
bidbench-db-lock-bidder0333@loadtest.local,BypassOnly123!
bidbench-db-lock-bidder0334@loadtest.local,BypassOnly123!
bidbench-db-lock-bidder0335@loadtest.local,BypassOnly123!
bidbench-db-lock-bidder0336@loadtest.local,BypassOnly123!
bidbench-db-lock-bidder0337@loadtest.local,BypassOnly123!
bidbench-db-lock-bidder0338@loadtest.local,BypassOnly123!
bidbench-db-lock-bidder0339@loadtest.local,BypassOnly123!
bidbench-db-lock-bidder0340@loadtest.local,BypassOnly123!
bidbench-db-lock-bidder0341@loadtest.local,BypassOnly123!
bidbench-db-lock-bidder0342@loadtest.local,BypassOnly123!
bidbench-db-lock-bidder0343@loadtest.local,BypassOnly123!
bidbench-db-lock-bidder0344@loadtest.local,BypassOnly123!
bidbench-db-lock-bidder0345@loadtest.local,BypassOnly123!
bidbench-db-lock-bidder0346@loadtest.local,BypassOnly123!
bidbench-db-lock-bidder0347@loadtest.local,BypassOnly123!
bidbench-db-lock-bidder0348@loadtest.local,BypassOnly123!
bidbench-db-lock-bidder0349@loadtest.local,BypassOnly123!
bidbench-db-lock-bidder0350@loadtest.local,BypassOnly123!
bidbench-db-lock-bidder0351@loadtest.local,BypassOnly123!
bidbench-db-lock-bidder0352@loadtest.local,BypassOnly123!
bidbench-db-lock-bidder0353@loadtest.local,BypassOnly123!
bidbench-db-lock-bidder0354@loadtest.local,BypassOnly123!
bidbench-db-lock-bidder0355@loadtest.local,BypassOnly123!
bidbench-db-lock-bidder0356@loadtest.local,BypassOnly123!
bidbench-db-lock-bidder0357@loadtest.local,BypassOnly123!
bidbench-db-lock-bidder0358@loadtest.local,BypassOnly123!
bidbench-db-lock-bidder0359@loadtest.local,BypassOnly123!
bidbench-db-lock-bidder0360@loadtest.local,BypassOnly123!
bidbench-db-lock-bidder0361@loadtest.local,BypassOnly123!
bidbench-db-lock-bidder0362@loadtest.local,BypassOnly123!
bidbench-db-lock-bidder0363@loadtest.local,BypassOnly123!
bidbench-db-lock-bidder0364@loadtest.local,BypassOnly123!
bidbench-db-lock-bidder0365@loadtest.local,BypassOnly123!
bidbench-db-lock-bidder0366@loadtest.local,BypassOnly123!
bidbench-db-lock-bidder0367@loadtest.local,BypassOnly123!
bidbench-db-lock-bidder0368@loadtest.local,BypassOnly123!
bidbench-db-lock-bidder0369@loadtest.local,BypassOnly123!
bidbench-db-lock-bidder0370@loadtest.local,BypassOnly123!
bidbench-db-lock-bidder0371@loadtest.local,BypassOnly123!
bidbench-db-lock-bidder0372@loadtest.local,BypassOnly123!
bidbench-db-lock-bidder0373@loadtest.local,BypassOnly123!
bidbench-db-lock-bidder0374@loadtest.local,BypassOnly123!
bidbench-db-lock-bidder0375@loadtest.local,BypassOnly123!
bidbench-db-lock-bidder0376@loadtest.local,BypassOnly123!
bidbench-db-lock-bidder0377@loadtest.local,BypassOnly123!
bidbench-db-lock-bidder0378@loadtest.local,BypassOnly123!
bidbench-db-lock-bidder0379@loadtest.local,BypassOnly123!
bidbench-db-lock-bidder0380@loadtest.local,BypassOnly123!
bidbench-db-lock-bidder0381@loadtest.local,BypassOnly123!
bidbench-db-lock-bidder0382@loadtest.local,BypassOnly123!
bidbench-db-lock-bidder0383@loadtest.local,BypassOnly123!
bidbench-db-lock-bidder0384@loadtest.local,BypassOnly123!
bidbench-db-lock-bidder0385@loadtest.local,BypassOnly123!
bidbench-db-lock-bidder0386@loadtest.local,BypassOnly123!
bidbench-db-lock-bidder0387@loadtest.local,BypassOnly123!
bidbench-db-lock-bidder0388@loadtest.local,BypassOnly123!
bidbench-db-lock-bidder0389@loadtest.local,BypassOnly123!
bidbench-db-lock-bidder0390@loadtest.local,BypassOnly123!
bidbench-db-lock-bidder0391@loadtest.local,BypassOnly123!
bidbench-db-lock-bidder0392@loadtest.local,BypassOnly123!
bidbench-db-lock-bidder0393@loadtest.local,BypassOnly123!
bidbench-db-lock-bidder0394@loadtest.local,BypassOnly123!
bidbench-db-lock-bidder0395@loadtest.local,BypassOnly123!
bidbench-db-lock-bidder0396@loadtest.local,BypassOnly123!
bidbench-db-lock-bidder0397@loadtest.local,BypassOnly123!
bidbench-db-lock-bidder0398@loadtest.local,BypassOnly123!
bidbench-db-lock-bidder0399@loadtest.local,BypassOnly123!
bidbench-db-lock-bidder0400@loadtest.local,BypassOnly123!
bidbench-db-lock-bidder0401@loadtest.local,BypassOnly123!
bidbench-db-lock-bidder0402@loadtest.local,BypassOnly123!
bidbench-db-lock-bidder0403@loadtest.local,BypassOnly123!
bidbench-db-lock-bidder0404@loadtest.local,BypassOnly123!
bidbench-db-lock-bidder0405@loadtest.local,BypassOnly123!
bidbench-db-lock-bidder0406@loadtest.local,BypassOnly123!
bidbench-db-lock-bidder0407@loadtest.local,BypassOnly123!
bidbench-db-lock-bidder0408@loadtest.local,BypassOnly123!
bidbench-db-lock-bidder0409@loadtest.local,BypassOnly123!
bidbench-db-lock-bidder0410@loadtest.local,BypassOnly123!
bidbench-db-lock-bidder0411@loadtest.local,BypassOnly123!
bidbench-db-lock-bidder0412@loadtest.local,BypassOnly123!
bidbench-db-lock-bidder0413@loadtest.local,BypassOnly123!
bidbench-db-lock-bidder0414@loadtest.local,BypassOnly123!
bidbench-db-lock-bidder0415@loadtest.local,BypassOnly123!
bidbench-db-lock-bidder0416@loadtest.local,BypassOnly123!
bidbench-db-lock-bidder0417@loadtest.local,BypassOnly123!
bidbench-db-lock-bidder0418@loadtest.local,BypassOnly123!
bidbench-db-lock-bidder0419@loadtest.local,BypassOnly123!
bidbench-db-lock-bidder0420@loadtest.local,BypassOnly123!
bidbench-db-lock-bidder0421@loadtest.local,BypassOnly123!
bidbench-db-lock-bidder0422@loadtest.local,BypassOnly123!
bidbench-db-lock-bidder0423@loadtest.local,BypassOnly123!
bidbench-db-lock-bidder0424@loadtest.local,BypassOnly123!
bidbench-db-lock-bidder0425@loadtest.local,BypassOnly123!
bidbench-db-lock-bidder0426@loadtest.local,BypassOnly123!
bidbench-db-lock-bidder0427@loadtest.local,BypassOnly123!
bidbench-db-lock-bidder0428@loadtest.local,BypassOnly123!
bidbench-db-lock-bidder0429@loadtest.local,BypassOnly123!
bidbench-db-lock-bidder0430@loadtest.local,BypassOnly123!
bidbench-db-lock-bidder0431@loadtest.local,BypassOnly123!
bidbench-db-lock-bidder0432@loadtest.local,BypassOnly123!
bidbench-db-lock-bidder0433@loadtest.local,BypassOnly123!
bidbench-db-lock-bidder0434@loadtest.local,BypassOnly123!
bidbench-db-lock-bidder0435@loadtest.local,BypassOnly123!
bidbench-db-lock-bidder0436@loadtest.local,BypassOnly123!
bidbench-db-lock-bidder0437@loadtest.local,BypassOnly123!
bidbench-db-lock-bidder0438@loadtest.local,BypassOnly123!
bidbench-db-lock-bidder0439@loadtest.local,BypassOnly123!
bidbench-db-lock-bidder0440@loadtest.local,BypassOnly123!
bidbench-db-lock-bidder0441@loadtest.local,BypassOnly123!
bidbench-db-lock-bidder0442@loadtest.local,BypassOnly123!
bidbench-db-lock-bidder0443@loadtest.local,BypassOnly123!
bidbench-db-lock-bidder0444@loadtest.local,BypassOnly123!
bidbench-db-lock-bidder0445@loadtest.local,BypassOnly123!
bidbench-db-lock-bidder0446@loadtest.local,BypassOnly123!
bidbench-db-lock-bidder0447@loadtest.local,BypassOnly123!
bidbench-db-lock-bidder0448@loadtest.local,BypassOnly123!
bidbench-db-lock-bidder0449@loadtest.local,BypassOnly123!
bidbench-db-lock-bidder0450@loadtest.local,BypassOnly123!
bidbench-db-lock-bidder0451@loadtest.local,BypassOnly123!
bidbench-db-lock-bidder0452@loadtest.local,BypassOnly123!
bidbench-db-lock-bidder0453@loadtest.local,BypassOnly123!
bidbench-db-lock-bidder0454@loadtest.local,BypassOnly123!
bidbench-db-lock-bidder0455@loadtest.local,BypassOnly123!
bidbench-db-lock-bidder0456@loadtest.local,BypassOnly123!
bidbench-db-lock-bidder0457@loadtest.local,BypassOnly123!
bidbench-db-lock-bidder0458@loadtest.local,BypassOnly123!
bidbench-db-lock-bidder0459@loadtest.local,BypassOnly123!
bidbench-db-lock-bidder0460@loadtest.local,BypassOnly123!
bidbench-db-lock-bidder0461@loadtest.local,BypassOnly123!
bidbench-db-lock-bidder0462@loadtest.local,BypassOnly123!
bidbench-db-lock-bidder0463@loadtest.local,BypassOnly123!
bidbench-db-lock-bidder0464@loadtest.local,BypassOnly123!
bidbench-db-lock-bidder0465@loadtest.local,BypassOnly123!
bidbench-db-lock-bidder0466@loadtest.local,BypassOnly123!
bidbench-db-lock-bidder0467@loadtest.local,BypassOnly123!
bidbench-db-lock-bidder0468@loadtest.local,BypassOnly123!
bidbench-db-lock-bidder0469@loadtest.local,BypassOnly123!
bidbench-db-lock-bidder0470@loadtest.local,BypassOnly123!
bidbench-db-lock-bidder0471@loadtest.local,BypassOnly123!
bidbench-db-lock-bidder0472@loadtest.local,BypassOnly123!
bidbench-db-lock-bidder0473@loadtest.local,BypassOnly123!
bidbench-db-lock-bidder0474@loadtest.local,BypassOnly123!
bidbench-db-lock-bidder0475@loadtest.local,BypassOnly123!
bidbench-db-lock-bidder0476@loadtest.local,BypassOnly123!
bidbench-db-lock-bidder0477@loadtest.local,BypassOnly123!
bidbench-db-lock-bidder0478@loadtest.local,BypassOnly123!
bidbench-db-lock-bidder0479@loadtest.local,BypassOnly123!
bidbench-db-lock-bidder0480@loadtest.local,BypassOnly123!
bidbench-db-lock-bidder0481@loadtest.local,BypassOnly123!
bidbench-db-lock-bidder0482@loadtest.local,BypassOnly123!
bidbench-db-lock-bidder0483@loadtest.local,BypassOnly123!
bidbench-db-lock-bidder0484@loadtest.local,BypassOnly123!
bidbench-db-lock-bidder0485@loadtest.local,BypassOnly123!
bidbench-db-lock-bidder0486@loadtest.local,BypassOnly123!
bidbench-db-lock-bidder0487@loadtest.local,BypassOnly123!
bidbench-db-lock-bidder0488@loadtest.local,BypassOnly123!
bidbench-db-lock-bidder0489@loadtest.local,BypassOnly123!
bidbench-db-lock-bidder0490@loadtest.local,BypassOnly123!
bidbench-db-lock-bidder0491@loadtest.local,BypassOnly123!
bidbench-db-lock-bidder0492@loadtest.local,BypassOnly123!
bidbench-db-lock-bidder0493@loadtest.local,BypassOnly123!
bidbench-db-lock-bidder0494@loadtest.local,BypassOnly123!
bidbench-db-lock-bidder0495@loadtest.local,BypassOnly123!
bidbench-db-lock-bidder0496@loadtest.local,BypassOnly123!
bidbench-db-lock-bidder0497@loadtest.local,BypassOnly123!
bidbench-db-lock-bidder0498@loadtest.local,BypassOnly123!
bidbench-db-lock-bidder0499@loadtest.local,BypassOnly123!
bidbench-db-lock-bidder0500@loadtest.local,BypassOnly123!
